{"time":[1.1272727272727274,2.7090909090909094,4.636363636363637,7.6909090909090905,11.454545454545453],"size":[200,450,800,1250,1800]}
