{"time":[0.909090909090909,2.290909090909091,3.9636363636363634,6.418181818181819,9.472727272727273],"size":[200,450,800,1250,1800]}
