{"time":[0.8363636363636363,1.9272727272727272,3.581818181818182,7.327272727272728,11.413636363636364],"size":[200,450,800,1250,1800]}
